"Group","Name","Description","Kinds","Filter (sketch)","Titles (approx)","Strategy","Signature","Notes"
"The Marquee","Everything","The whole library on smart shuffle","Movies+TV","(no filter; NC-17 excluded)","~6600","WeightedShuffle","","Flagship; nothing is orphaned"
"The Marquee","The Canon","The all-time greats","Movies+TV","imdbRatingScraped>=8.0 AND votes high","~","WeightedShuffle","",""
"The Marquee","Certified Fresh","Critics' darlings","Movies+TV","RtTomatometer>=90","~","WeightedShuffle","",""
"The Marquee","Crowd-Pleasers","Films people love","Movies+TV","RtPopcornmeter>=80 OR rewatchability>=75","~","WeightedShuffle","",""
"The Marquee","Hidden Gems","Great and under-seen","Movies","imdbRatingScraped>=7.5 AND popularity low AND novelty>=55","~","WeightedShuffle","",""
"The Marquee","Community Favorites","Most-watched by our viewers","Movies+TV","Seen by >=3 distinct users","~","WeightedShuffle","","Real watch history"
"The Marquee","New Releases","The last two years of movies","Movies","releaseDate >= today minus 2 years (rolling)","62","WeightedShuffle","★","Rolling window re-evaluated at schedule time — never needs a yearly edit"
"The Auteurs","The Hitchcock Hour","The Master of Suspense","Movies","director=Alfred Hitchcock","54","WeightedShuffle","★",""
"The Auteurs","Herzog: Ecstatic Truth","Fiction and fever-dream docs","Movies","director=Werner Herzog","49","WeightedShuffle","★",""
"The Auteurs","Kurosawa","The Emperor of cinema","Movies","director=Akira Kurosawa","27","WeightedShuffle","★",""
"The Auteurs","Spielberg","The blockbuster maestro","Movies","director=Steven Spielberg","26","WeightedShuffle","",""
"The Auteurs","Scorsese","Sinners and the city","Movies","director=Martin Scorsese","24","WeightedShuffle","★",""
"The Auteurs","Bergman","Faith, death, and silence","Movies","director=Ingmar Bergman","23","WeightedShuffle","",""
"The Auteurs","Cronenberg: Body Horror","The new flesh","Movies","director=David Cronenberg","21","WeightedShuffle","★",""
"The Auteurs","The Coen Brothers","Crime and cosmic jokes","Movies","director=Joel/Ethan Coen","19","WeightedShuffle","★",""
"The Auteurs","Wes Anderson","Symmetrical melancholy","Movies","director=Wes Anderson","15","WeightedShuffle","",""
"The Auteurs","David Lynch","Dreams and nightmares","Movies","director=David Lynch","15","WeightedShuffle","★",""
"The Auteurs","Tim Burton","Gothic whimsy","Movies","director=Tim Burton","15","WeightedShuffle","",""
"The Auteurs","Kubrick","Cold, perfect, unsettling","Movies","director=Stanley Kubrick","13","WeightedShuffle","★",""
"The Auteurs","John Carpenter","The Master of Horror","Movies","director=John Carpenter","12","WeightedShuffle","★",""
"The Auteurs","Tarantino","Talk, then violence","Movies","director=Quentin Tarantino","11","WeightedShuffle","★",""
"Director & Muse","Scorsese & De Niro","Director and muse","Movies","director=Scorsese AND actor=De Niro","10","WeightedShuffle","★",""
"Director & Muse","Herzog & Kinski","Genius and madness","Movies","director=Herzog AND actor=Klaus Kinski","7","WeightedShuffle","★","Aguirre, Fitzcarraldo, Nosferatu"
"Director & Muse","Kurosawa & Mifune","The greatest collaboration","Movies","director=Kurosawa AND actor=Toshiro Mifune","~16","WeightedShuffle","★",""
"Star Power","The Nicolas Cage Channel","Every Cage, all the time","Movies","actor=Nicolas Cage","46","WeightedShuffle","★","The crown jewel of specific channels"
"Star Power","Samuel L. Jackson","SLJ headlines","Movies","actor=Samuel L. Jackson","39","WeightedShuffle","",""
"Star Power","Arnold","Schwarzenegger","Movies","actor=Arnold Schwarzenegger","35","WeightedShuffle","★",""
"Star Power","De Niro","Robert De Niro","Movies","actor=Robert De Niro","34","WeightedShuffle","",""
"Star Power","The Tom Hanks Channel","America's dad","Movies","actor=Tom Hanks","33","WeightedShuffle","",""
"Star Power","Bill Murray","Deadpan legend","Movies","actor=Bill Murray","33","WeightedShuffle","",""
"Japanese Cinema & Samurai","Japanese Cinema","From Ozu to Miike","Movies","language=ja (non-anime)","376","WeightedShuffle","",""
"Japanese Cinema & Samurai","Zatoichi: Blind Swordsman","The legendary samurai series","Movies","actor=Shintaro Katsu","~26","WeightedShuffle","★","Diacritic name in DB"
"Japanese Cinema & Samurai","Toho Kaiju","Godzilla and the giant monsters","Movies","director=Ishiro Honda OR franchise=godzilla","~50","WeightedShuffle","★",""
"Horror","Horror","Frights all night","Movies+TV","genre=Horror","945","WeightedShuffle","",""
"Horror","Stephen King","Adaptations of the King","Movies+TV","franchise=stephen king","52","WeightedShuffle","★",""
"Horror","Hammer Horror & Icons","Lee, Cushing & Vincent Price","Movies","actor=Christopher Lee/Peter Cushing/Vincent Price OR director=Terence Fisher","~75","WeightedShuffle","★",""
"Horror","Classic Monster Movies","Black-and-white frights","Movies","visualstyle=black and white AND genre=Horror","101","WeightedShuffle","★","Universal-monster era"
"Horror","Slasher Night","Stalk, slash, sequel","Movies","subgenre=slasher OR franchise in {friday-13th,halloween,nightmare,hellraiser,saw,chucky}","~150","WeightedShuffle","",""
"Horror","Creature Features","Things with teeth","Movies","subgenre=creature feature,kaiju","146","WeightedShuffle","",""
"Horror","Gorehound","Not for the squeamish","Movies","contentdescriptor=gore","357","WeightedShuffle","",""
"Cult, Weird & Arthouse","The Criterion Closet","Cinema as art","Movies","path~Criterion","383","WeightedShuffle","★",""
"Cult, Weird & Arthouse","The Arthouse","The artistic canon","Movies","subgenre=art house","1006","WeightedShuffle","★","Huge"
"Cult, Weird & Arthouse","The Cult Vault","Beloved oddities","Movies","cultClassic>=60","852","WeightedShuffle","★",""
"Cult, Weird & Arthouse","Schlock Theater","Gloriously bad B-movies","Movies","subgenre=b movie OR tone=campy OR director=Roger Corman/John Waters","~250","WeightedShuffle","★",""
"Cult, Weird & Arthouse","In Glorious Black & White","Monochrome cinema","Movies","visualstyle=black and white","1120","WeightedShuffle","★",""
"Cult, Weird & Arthouse","Surreal Cinema","Dream logic","Movies","surrealism>=70","310","WeightedShuffle","",""
"Cult, Weird & Arthouse","Neon Noir","Synthwave sci-fi & neon nights","Movies","visualstyle=neon-soaked AND genre=Sci-Fi,Action,Thriller","92","WeightedShuffle","★",""
"Cult, Weird & Arthouse","Wordless Wonders","Show, don't tell","Movies","contentdescriptor=no dialogue","270","WeightedShuffle","★",""
"Cult, Weird & Arthouse","Off the Beaten Path","Deep cuts and obscurities","Movies","novelty>=70","958","WeightedShuffle","",""
"Genres","Comedy","Laughs around the clock","Movies+TV","genre=Comedy","2191","WeightedShuffle","",""
"Genres","Drama","Serious cinema","Movies+TV","genre=Drama","3178","WeightedShuffle","",""
"Genres","Action & Adventure","Explosions and quests","Movies+TV","genre=Action,Adventure","1267","WeightedShuffle","",""
"Genres","Thrillers","Suspense and tension","Movies+TV","genre=Thriller","1488","WeightedShuffle","",""
"Genres","Sci-Fi & Fantasy","Other worlds","Movies+TV","genre=Sci-Fi,Fantasy","1098","WeightedShuffle","",""
"Genres","Crime & Mob","Gangsters and capers","Movies+TV","genre=Crime","1003","WeightedShuffle","",""
"Genres","Romance","Love stories","Movies+TV","genre=Romance","1075","WeightedShuffle","",""
"Genres","Documentaries","Real stories","Movies+TV","genre=Documentary","392","WeightedShuffle","",""
"Genres","Musicals & Music","Song, dance, and bands","Movies+TV","genre=Musical,Music","576","WeightedShuffle","",""
"Subgenre Spotlights","Film Noir","Shadows and moral fog","Movies","subgenre=noir,neo-noir OR genre=Film-Noir","~180","WeightedShuffle","",""
"Subgenre Spotlights","Spaghetti Westerns","Leone and the dusty operatic","Movies","subgenre=spaghetti western OR director=Sergio Leone","~115","WeightedShuffle","",""
"Subgenre Spotlights","Psychological Thrillers","Mind games","Movies","subgenre=psychological thriller","300","WeightedShuffle","",""
"Subgenre Spotlights","Heist & Capers","Plans and double-crosses","Movies","subgenre=heist","76","WeightedShuffle","",""
"Subgenre Spotlights","Superhero","Capes and cowls","Movies+TV","subgenre=superhero","188","WeightedShuffle","",""
"Subgenre Spotlights","Enter the Dragon","Martial arts & kung fu","Movies","keyword=martial arts,martial-arts","116","WeightedShuffle","★",""
"Signature Picks","Time Travel","Past, future, repeat","Movies+TV","keyword=time travel,time-travel","74","WeightedShuffle","★",""
"Signature Picks","The Slow Burn","Patience rewarded","Movies","contentdescriptor=slow-burn","374","WeightedShuffle","",""
"Signature Picks","Bring Tissues","Tearjerkers","Movies","contentdescriptor=tearjerker","301","WeightedShuffle","",""
"Signature Picks","Spoofs & Mockumentaries","Brooks, Proft & the parody crew","Movies","subgenre=spoof,mockumentary OR director=Mel Brooks","~100","WeightedShuffle","",""
"Signature Picks","Silent Comedy","Keaton, Chaplin & the pioneers","Movies","actor=Buster Keaton/Charlie Chaplin OR (year<=1929 AND genre=Comedy)","~40","WeightedShuffle","★",""
"Decades","Silent & Pre-Code","Before 1930","Movies","year<=1929","154","SeededShuffle","",""
"Decades","Golden Age Hollywood","1930s-1940s","Movies","year 1930-1949","459","WeightedShuffle","",""
"Decades","New Hollywood","1970s","Movies","year 1970-1979","619","WeightedShuffle","",""
"Decades","Totally '80s","1980-1989","Movies+TV","year 1980-1989","818","WeightedShuffle","",""
"Decades","The '90s","1990-1999","Movies+TV","year 1990-1999","959","WeightedShuffle","",""
"Decades","The 2000s","2000-2009","Movies+TV","year 2000-2009","1131","WeightedShuffle","",""
"Decades","That '80s Horror","Slashers and synth screams","Movies","year 1980-1989 AND genre=Horror","154","WeightedShuffle","★",""
"Decades","'80s Sci-Fi","Neon futures","Movies","year 1980-1989 AND genre=Sci-Fi","159","WeightedShuffle","",""
"Animation Hall of Fame","Looney Tunes","That's all, folks","TV+Movies","path~Looney Tunes","1148","EpisodeRoundRobin","★","1,148 streamable files"
"Animation Hall of Fame","Disney Animated Classics","The Disney film canon","Movies","path~{Disney Films,Walt Disney}","~630","WeightedShuffle","★",""
"Animation Hall of Fame","Hanna-Barbera Classics","Yabba dabba doo","TV","path~{Flintstones,Jetsons,Scooby Doo,Wacky Races,Atom Ant,Rocky and Bullwinkle}","~600","EpisodeRoundRobin","★",""
"Animation Hall of Fame","The Disney Afternoon","Classic Disney TV animation","TV","path~{DuckTales,TaleSpin,Darkwing Duck,Chip 'n' Dale,Gargoyles}","~320","EpisodeRoundRobin","",""
"Animation Hall of Fame","Animated Superheroes","Heroes in animation","TV+Movies","path~{Marvel Animated,Batman The Animated,X-Men,Spider-Man,Avatar - The Last Airbender,Korra}","~900","EpisodeRoundRobin","",""
"Animation Hall of Fame","Stop-Motion & Handcrafted","Made by hand","Movies+TV","visualstyle=stop-motion,claymation,rotoscope,hand-drawn","~430","WeightedShuffle","",""
"Animation Hall of Fame","[adult swim]","Late-night adult animation","TV","path~{Aqua Teen,Sealab,Metalocalypse,Venture Bros,Samurai Jack,Rick and Morty,Harley Quinn,Off the Air,Space Dandy}","~900","EpisodeRoundRobin","★",""
"Animation Hall of Fame","Animation for Grown-Ups","Not for kids","Movies+TV","genre=Animation AND (mpaa>=R OR intensity>=60)","~","WeightedShuffle","",""
"Kids & Family","Nickelodeon","'90s-2000s Nicktoons & live-action","TV","path~{SpongeBob,Ren & Stimpy,Rugrats,Wild Thornberrys,CatDog,Angry Beavers,Aaahh Real Monsters,Invader Zim,KaBlam,All That,Are You Afraid of the Dark,Pete & Pete,Blues Clues,Salute Your Shorts,Legends of the Hidden Temple}","~1900","EpisodeRoundRobin","★","Network field empty; built from show folders"
"Kids & Family","Preschool Corner","Gentlest TV for the littlest","TV","path~{Mister Rogers,Sesame Street,Bluey,Peppa Pig,Blues Clues}","~1600","EpisodeRoundRobin","★",""
"Kids & Family","Saturday Morning Cartoons","Classic toon energy","TV+Movies","genre=Animation (series) AND mpaa<=PG","~190 series","EpisodeRoundRobin","",""
"Kids & Family","Family Movie Night","Something for everyone","Movies+TV","mpaa<=PG-13 AND occasion=family-night","587","WeightedShuffle","",""
"Kids & Family","Read & Learn","Educational classics","TV","path~{Reading Rainbow,Magic School Bus,Schoolhouse Rock,Ada Twist,Hilda}","~300","EpisodeRoundRobin","",""
"Kids & Family","Sing-Along Musicals","Songs for all ages","Movies+TV","genre=Musical AND mpaa<=PG","~","WeightedShuffle","",""
"Anime","Anime Central","All anime, all day","TV+Movies","language=ja AND genre=Animation","~250","EpisodeRoundRobin","",""
"Anime","Studio Ghibli","The Ghibli canon","Movies","franchise=studio ghibli OR path~Studio Ghibli","~20","Marathon","★",""
"Anime","Pokemon","Gotta catch 'em all","TV+Movies","path~Pok%mon","1046","EpisodeRoundRobin","★","1,046 streamable files"
"Anime","Dragon Ball","Saiyan saga","TV+Movies","path~Dragon Ball","794","Marathon","",""
"Anime","Naruto","Believe it","TV","path~Naruto","220","EpisodeRoundRobin","",""
"Anime","Modern Anime","Today's hits","TV+Movies","path~{Demon Slayer,Jujutsu Kaisen,Attack on Titan,One Punch Man,Re - Zero,Steins,Chainsaw}","~250","WeightedShuffle","",""
"Anime","Classic Anime","The canon","TV+Movies","path~{Ranma,Cowboy Bebop,Trigun,Evangelion,Samurai Champloo,Ghost in the Shell,Fullmetal Alchemist,Monster,Death Note}","~600","WeightedShuffle","★",""
"Anime","Anime Films","Feature-length anime","Movies","anime AND movie","121","WeightedShuffle","",""
"The TV Vault","Cult TV","Riff-worthy and strange","TV","path~{MST3K,Twilight Zone,Doctor Who,Lexx,Are You Afraid of the Dark}","~700","EpisodeRoundRobin","★",""
"The TV Vault","Classic Sci-Fi TV","Final frontiers","TV","path~{Star Trek,Battlestar Galactica,Farscape,Buck Rogers,Quantum Leap}","~940","EpisodeRoundRobin","★",""
"The TV Vault","Prestige Drama","Appointment television","TV","path~{Game of Thrones,Breaking Bad,Lost,Twin Peaks,The Boys}","~380","EpisodeRoundRobin","",""
"The TV Vault","Classic Sitcoms","Comfort comedy","TV","path~{Seinfeld,All in the Family,Community,Arrested Development,Archer}","~640","EpisodeRoundRobin","",""
"The TV Vault","Science & How-To","How the world works","TV","path~{How It's Made,MythBusters,Penn & Teller}","~700","EpisodeRoundRobin","",""
"The TV Vault","The Muppets & Jim Henson","Felt and felt deeply","TV+Movies","path~{Jim Henson,Muppet}","~330","EpisodeRoundRobin","",""
"International","World Cinema","Beyond Hollywood","Movies+TV","NOT language=en","~1538","WeightedShuffle","",""
"International","French Cinema","La Nouvelle Vague & beyond","Movies+TV","language=fr","315","WeightedShuffle","",""
"International","German Cinema","Expressionism to New German","Movies+TV","language=de","114","WeightedShuffle","",""
"International","Italian Cinema","Neorealism to giallo","Movies+TV","language=it","126","WeightedShuffle","",""
"International","Spanish-Language","Films in Spanish","Movies+TV","language=es","66","WeightedShuffle","",""
"Spotlights (Rotating)","Director's Chair","A featured filmmaker each week","Movies","rotate weekly: Lumet, De Palma, Nolan, Raimi, Gilliam, Zemeckis, P.Jackson, Welles, Corman, Altman, Cameron, Fincher, PTA, Argento, Jarmusch, Coppola, Fellini, Ford, Wilder, Lean, Godard, Truffaut, Ozu, Miyazaki","~24 dirs","WeightedShuffle","",""
"Spotlights (Rotating)","Marquee Stars","A featured actor each week","Movies+TV","rotate weekly: Depp, Dafoe, Willis, R.Williams, Buscemi, Nicholson, Cruise, Connery, Caine, Pitt, Reeves, Fishburne, Lee, Price","~25 actors","WeightedShuffle","",""
"Spotlights (Rotating)","Franchise of the Week","A featured franchise each week","Movies+TV","rotate weekly: MCU, Star Wars, Trek, Bond, X-Men, Alien, Jurassic, Rocky, Indiana Jones, Mad Max, Planet of the Apes...","~30","Marathon","",""
"Spotlights (Rotating)","Saga of the Month","A big universe, all month","Movies","rotate monthly: Star Wars, LOTR, Harry Potter, Star Trek, MCU","6","Marathon","",""
"Seasonal","Spooky Season","Halloween horror","Movies+TV","genre=Horror OR occasion=halloween","~945","WeightedShuffle","","~Oct"
"Seasonal","Holiday Cheer","Christmas & winter holidays","Movies+TV","occasion=christmas,holiday","~","WeightedShuffle","","~Dec-early Jan"
"Seasonal","Summer Blockbusters","Big summer fun","Movies","energy>=70 AND popularity high AND genre=Action,Adventure","~","WeightedShuffle","","~late May-early Sep"
"Seasonal","Sweetheart Cinema","Valentine's romance","Movies+TV","genre=Romance OR occasion=date-night","~1075","WeightedShuffle","","~Feb"
"For You (per-user)","Unseen by <user>","What you haven't watched","Movies+TV","unwatchedByUser","per-user","WeightedShuffle","",""
"For You (per-user)","<user>'s Watchlist","Your want-to-watch on shuffle","Movies+TV","wantedByUser","per-user","WeightedShuffle","",""
